Raw value,Corresponding cumulative value,Corresponding Logistic value,Fractional area,Training omission,Test omission
8.06452E-3,0.806451613,0.017326951,0.005,0.903225806,0
4.99458E-2,5.80103062,0.098451587,0.00375,0.903225806,0
2.42645E-1,30.065507491,0.346629352,0.0025,0.903225806,0
6.99345E-1,100,0.6045971,0.00125,0.903225806,0
1E0,100,0.686168767,0,0.903225806,0
