Raw value,Corresponding cumulative value,Corresponding Logistic value,Fractional area,Training omission,Test omission
3.50765E-10,0.000000035,0,0.00375,0.762711864,0
1E0,100,0.500000005,0.00125,0.762711864,0
1E0,100,0.500000005,0,0.762711864,0
